customer_id,customer_name,email,phone,dob,gender,country,city
1,John Martinez,JohnMartinez20@gmail.com,207-319-8171,2/16/1989,M,Nigeria,Ugep
2,Virginia Read,VirginiaRead70@gmail.com,704-915-9203,8/10/1992,F,Nigeria,Kontagora
3,Tim Branch,TimBranch91@gmail.com,917-398-6976,6/21/1985,M,Nigeria,Kaduna
4,Garry Joyce,GarryJoyce52@gmail.com,520-880-0374,12/28/1987,M,Nigeria,Ifako-Ijaiye
5,Julia Riddick,JuliaRiddick22@gmail.com,225-247-2241,5/4/1974,F,Nigeria,Awka
6,Michael Schaffer,MichaelSchaffer20@gmail.com,207-386-0378,7/7/1982,M,Nigeria,Suleja
7,Kenneth Maize,KennethMaize81@gmail.com,814-935-8063,11/5/1979,M,Nigeria,Ikeja
8,Mark Harding,MarkHarding31@gmail.com,310-258-0712,3/19/1983,M,Nigeria,Ikeja
9,Marie Horton,MarieHorton51@gmail.com,510-968-7667,1/28/1998,F,Nigeria,Ilesha
10,Cynthia Gaskin,CynthiaGaskin71@gmail.com,719-691-2601,9/15/1977,F,Nigeria,Port Harcourt
11,Linda Thomas,LindaThomas63@gmail.com,636-625-6334,4/8/1981,F,Nigeria,Jos
12,Barbara Costa,BarbaraCosta83@gmail.com,832-647-7230,10/27/1990,F,Nigeria,Warri
13,Mae Sikes,MaeSikes61@gmail.com,618-443-1355,7/2/1991,F,Nigeria,Yola
14,Angelo Castillo,AngeloCastillo86@gmail.com,860-348-9657,2/9/1987,M,Nigeria,Owo
15,Diane Malcolm,DianeMalcolm76@gmail.com,765-759-2565,8/7/1995,F,Nigeria,Ikot Ekpene
16,Cindy Shufelt,CindyShufelt51@gmail.com,516-925-9440,1/2/1980,F,Nigeria,Yenagoa
17,Deborah Pines,DeborahPines41@gmail.com,410-737-8298,11/9/1997,F,Nigeria,Ondo
18,Jackie Baca,JackieBaca81@gmail.com,817-750-5474,12/14/1972,F,Nigeria,Zaria
19,Susan Hammel,SusanHammel40@gmail.com,405-605-4586,9/12/1986,F,Nigeria,Ile-Ife
20,David Riedel,DavidRiedel50@gmail.com,502-939-9444,5/25/1995,M,Nigeria,Ogbomoso
21,Jack Herndon,JackHerndon61@gmail.com,617-342-3912,6/21/1998,M,Nigeria,Lafia
22,Jennifer Fulp,JenniferFulp44@gmail.com,443-354-1404,2/9/1985,F,Nigeria,Maiduguri
23,Nancy Johnson,NancyJohnson54@gmail.com,540-866-0715,4/22/1976,F,Nigeria,Makurdi
24,Ann McCafferty,AnnMcCafferty73@gmail.com,732-822-4058,5/19/1988,F,Nigeria,Ilesha
25,Bettye Holmes,BettyeHolmes31@gmail.com,319-363-5257,8/29/1981,F,Nigeria,Ugep
26,Michael Vaughn,MichaelVaughn80@gmail.com,801-858-9021,4/1/1992,M,Nigeria,Nsukka
27,Patricia Sun,PatriciaSun85@gmail.com,858-444-5846,10/5/1993,F,Nigeria,Nnewi
28,Donna Conner,DonnaConner30@gmail.com,305-819-0856,12/7/1989,F,Nigeria,Eket
29,Daniel Weaver,DanielWeaver31@gmail.com,314-450-8498,3/12/1978,M,Nigeria,Umuahia
30,Evelyn Arce,EvelynArce94@gmail.com,949-415-5318,7/23/1984,F,Nigeria,Oyo
31,Lindsey Isley,LindseyIsley91@gmail.com,916-674-4960,11/30/1976,F,Nigeria,Lekki
32,Aurora Wills,AuroraWills97@gmail.com,972-439-8352,7/1/1994,F,Nigeria,Zaria
33,Joshua Clark,JoshuaClark90@gmail.com,908-374-2856,8/3/1983,M,Nigeria,Jos
34,Gertrude Mills,GertrudeMills52@gmail.com,520-426-7990,10/11/1972,F,Nigeria,Ikoyi
35,Earl Scott,EarlScott61@gmail.com,610-436-8367,12/18/1981,M,Nigeria,Suleja
36,Josephine Paylor,JosephinePaylor87@gmail.com,870-953-7350,7/16/1988,F,Nigeria,Aba
37,Laura Gerdes,LauraGerdes26@gmail.com,269-370-8170,9/10/1974,F,Nigeria,Onitsha
38,Juan Blair,JuanBlair41@gmail.com,413-496-5002,3/13/1996,M,Nigeria,Suleja
39,Sandra Shelley,SandraShelley32@gmail.com,320-315-9694,11/4/1984,F,Nigeria,Katsina
40,Valerie Shanks,ValerieShanks25@gmail.com,256-693-7847,1/7/1976,F,Nigeria,Nnewi
41,Vivian Contreras,VivianContreras51@gmail.com,510-763-7709,3/21/1979,F,Nigeria,Awka
42,Maria Ingram,MariaIngram30@gmail.com,301-717-4213,7/28/1986,F,Nigeria,Oyo
43,Alejandro Henderson,AlejandroHenderson61@gmail.com,614-780-4821,8/13/1991,M,Nigeria,Okene
44,Harold Wells,HaroldWells31@gmail.com,312-907-3995,2/25/1998,M,Nigeria,Keffi
45,Lisa Jacobs,LisaJacobs57@gmail.com,570-386-6744,6/17/1981,F,Nigeria,Okene
46,Araceli Fegley,AraceliFegley81@gmail.com,813-919-3954,12/24/1995,F,Nigeria,Eket
47,Debby Corrado,DebbyCorrado86@gmail.com,863-522-8166,5/8/1997,F,Nigeria,Ilorin
48,Emerson Lumsden,EmersonLumsden91@gmail.com,910-559-8702,11/1/1987,M,Nigeria,Umuahia
49,Deanna Johnson,DeannaJohnson33@gmail.com,334-216-1790,2/22/1973,F,Nigeria,Katsina
50,Maisie Myers,MaisieMyers46@gmail.com,469-523-2042,6/3/1985,F,Nigeria,Minna
51,William Sherman,WilliamSherman95@gmail.com,951-277-0079,12/10/1988,M,Nigeria,Abuja
52,Patricia Goss,PatriciaGoss28@gmail.com,281-576-8337,5/19/1997,F,Nigeria,Ikoyi
53,Barbara King,BarbaraKing92@gmail.com,925-752-6708,11/23/1974,F,Nigeria,Jalingo
54,Marion Clark,MarionClark81@gmail.com,812-589-5413,3/6/1982,F,Nigeria,Lokoja
55,Karen Tanaka,KarenTanaka21@gmail.com,217-918-6500,9/15/1989,F,Nigeria,Makurdi
56,Christopher Gwin,ChristopherGwin25@gmail.com,254-974-4969,6/27/1978,M,Nigeria,Makurdi
57,Larry Benjamin,LarryBenjamin91@gmail.com,910-488-4034,5/28/1995,M,Nigeria,Aba
58,Jose Musselwhite,JoseMusselwhite61@gmail.com,614-640-3340,8/2/1981,M,Nigeria,Port Harcourt
59,Nettie Manuel,NettieManuel65@gmail.com,650-551-4973,4/8/1990,F,Nigeria,Kano
60,Irene Ward,IreneWard60@gmail.com,603-944-9860,6/1/1972,F,Nigeria,Calabar
61,Barbara Shreve,BarbaraShreve98@gmail.com,989-865-6321,11/11/1979,F,Nigeria,Kano
62,Reva Turco,RevaTurco21@gmail.com,218-861-7686,8/20/1986,F,Nigeria,Ado Ekiti
63,Olga Kubiak,OlgaKubiak40@gmail.com,404-445-6275,3/9/1994,F,Nigeria,Ilorin
64,Thelma McIntyre,ThelmaMcIntyre51@gmail.com,517-540-4455,2/4/1983,F,Nigeria,Abuja
65,Joseph Smith,JosephSmith91@gmail.com,917-295-3249,12/16/1992,M,Nigeria,Lafia
66,Caitlin Culbreth,CaitlinCulbreth50@gmail.com,505-650-4257,7/12/1980,F,Nigeria,Nsukka
67,Scott Croom,ScottCroom42@gmail.com,423-352-3011,4/30/1987,M,Nigeria,Ado Ekiti
68,Kimberly Estes,KimberlyEstes90@gmail.com,906-250-9813,1/24/1996,F,Nigeria,Asaba
69,Crystal Blackledge,CrystalBlackledge51@gmail.com,518-798-9801,3/19/1971,F,Nigeria,Oyo
70,Michelle Garcia,MichelleGarcia71@gmail.com,713-638-1811,8/8/1988,F,Nigeria,Gombe
71,Raymond Kellam,RaymondKellam31@gmail.com,313-899-8987,6/7/1999,M,Nigeria,Kontagora
72,Juan Matos,JuanMatos91@gmail.com,916-625-5212,5/15/1991,M,Nigeria,Owerri
73,Jesus Banuelos,JesusBanuelos94@gmail.com,949-757-4200,10/21/1994,M,Nigeria,Oyo
74,Kimberly Weiss,KimberlyWeiss51@gmail.com,512-520-0706,3/14/1977,F,Nigeria,Ikot Ekpene
75,Cecelia Martel,CeceliaMartel61@gmail.com,615-357-0832,9/12/1996,F,Nigeria,Jalingo
76,Mark Johnson,MarkJohnson41@gmail.com,415-968-2718,5/28/1983,M,Nigeria,Lokoja
77,Harris Killian,HarrisKillian50@gmail.com,503-509-8867,2/2/1986,M,Nigeria,Lafia
78,Cynthia Bailey,CynthiaBailey53@gmail.com,530-267-5117,10/3/1995,F,Nigeria,Ogbomoso
79,Marjorie Dukes,MarjorieDukes81@gmail.com,815-566-6409,7/9/1991,F,Nigeria,Owerri
80,Sharron Rigney,SharronRigney58@gmail.com,580-332-4836,1/16/1985,F,Nigeria,Maiduguri
81,Orlando Cabrera,OrlandoCabrera90@gmail.com,908-367-1420,6/27/1992,M,Nigeria,Maiduguri
82,Roberto Fore,RobertoFore72@gmail.com,727-321-6399,12/8/1997,M,Nigeria,Ife
83,Debbie Becerra,DebbieBecerra41@gmail.com,414-659-9749,9/11/1986,F,Nigeria,Damaturu
84,Norene Garett,NoreneGarett31@gmail.com,317-299-9817,3/24/1989,F,Nigeria,Karu
85,Lessie Eckman,LessieEckman57@gmail.com,570-251-0522,7/6/1993,F,Nigeria,Suleja
86,Lillian Hayes,LillianHayes94@gmail.com,949-566-0227,11/23/1984,F,Nigeria,Oshogbo
87,Ashlee Boudreaux,AshleeBoudreaux71@gmail.com,715-853-2943,5/1/1998,F,Nigeria,Onitsha
88,Gregory Gilbert,GregoryGilbert30@gmail.com,303-646-3273,8/17/1990,M,Nigeria,Kano
89,Joseph Hall,JosephHall21@gmail.com,216-288-6131,4/2/1980,M,Nigeria,Jos
90,Mark Brazelton,MarkBrazelton90@gmail.com,909-459-6802,9/25/1994,M,Nigeria,Nsukka
91,Patricia Elbert,PatriciaElbert61@gmail.com,619-791-2621,3/15/1982,F,Nigeria,Owerri
92,Lola Billings,LolaBillings73@gmail.com,734-775-5053,1/29/1999,F,Nigeria,Katsina
93,Donald Williams,DonaldWilliams33@gmail.com,336-291-8665,6/7/1981,M,Nigeria,Birnin Kebbi
94,Timothy Corbett,TimothyCorbett85@gmail.com,856-346-0172,2/20/1987,M,Nigeria,Lokoja
95,James Cormier,JamesCormier66@gmail.com,662-234-6299,10/18/1991,M,Nigeria,Ikorodu
96,Jose Krone,JoseKrone53@gmail.com,530-706-2854,4/30/1995,M,Nigeria,Sango Ota
97,Michael Cormier,MichaelCormier90@gmail.com,908-230-8543,11/12/1983,M,Nigeria,Suleja
98,Jessie McShane,JessieMcShane30@gmail.com,309-828-3448,12/26/1992,F,Nigeria,Lokoja
99,Peggy Yancey,PeggyYancey80@gmail.com,803-387-2475,3/22/1980,F,Nigeria,Kano
100,Sandra McCauley,SandraMcCauley77@gmail.com,773-244-7554,9/5/1991,F,Nigeria,Dutse
101,George Davey,GeorgeDavey63@gmail.com,415-233-0163,5/9/1993,M,Nigeria,Sango Ota
102,Gloria Craig,GloriaCraig39@gmail.com,214-529-4439,12/6/1984,F,Nigeria,Owo
103,Charles Gerber,CharlesGerber37@gmail.com,248-632-2637,7/31/1982,M,Nigeria,Ado Ekiti
104,Ken Gonzalez,KenGonzalez41@gmail.com,254-699-7741,6/18/1997,M,Nigeria,Dutse
105,Cedric Lopez,CedricLopez06@gmail.com,828-388-6706,11/8/1988,M,Nigeria,Aba
106,Larry Baker,LarryBaker77@gmail.com,212-493-7877,10/16/1990,M,Nigeria,Maiduguri
107,Stephen Carnes,StephenCarnes88@gmail.com,347-228-4288,6/3/1996,M,Nigeria,Nnewi
108,Wayne Utz,WayneUtz91@gmail.com,631-566-6091,1/25/1982,M,Nigeria,Gusau
109,Nell Ortiz,NellOrtiz59@gmail.com,701-240-7659,8/21/1986,F,Nigeria,Karu
110,Joshua Bergman,JoshuaBergman16@gmail.com,608-254-6616,2/14/1989,M,Nigeria,Lafia
111,Jeffery Marvin,JefferyMarvin86@gmail.com,609-224-7286,4/11/1992,M,Nigeria,Ifako-Ijaiye
112,Jack Carter,JackCarter14@gmail.com,334-274-8414,1/7/1981,M,Nigeria,Karu
113,Richard Burr,RichardBurr11@gmail.com,312-881-1111,11/5/1994,M,Nigeria,Zaria
114,Tina Goodwin,TinaGoodwin45@gmail.com,770-810-9945,3/2/1983,F,Nigeria,Awka
115,William Reiter,WilliamReiter87@gmail.com,323-354-7487,9/30/1997,M,Nigeria,Abeokuta
116,Sandra Brooks,SandraBrooks71@gmail.com,312-440-2371,6/13/1985,F,Nigeria,Warri
117,George Weems,GeorgeWeems63@gmail.com,412-894-1363,8/8/1999,M,Nigeria,Ilorin
118,Johnny Hopper,JohnnyHopper23@gmail.com,660-946-9923,12/24/1992,M,Nigeria,Orlu
119,Vanesa Warnock,VanesaWarnock83@gmail.com,281-603-9283,7/17/1981,F,Nigeria,Sokoto
120,Randy Castorena,RandyCastorena26@gmail.com,206-932-0126,10/20/1989,M,Nigeria,Oshogbo
121,John Smith,JohnSmith02@gmail.com,617-450-2902,5/28/1990,M,Nigeria,Abuja
122,George Goldman,GeorgeGoldman34@gmail.com,314-238-1034,1/10/1982,M,Nigeria,Ikorodu
123,John Borden,JohnBorden59@gmail.com,254-623-1059,11/3/1993,M,Nigeria,Oshogbo
124,Mary Robertson,MaryRobertson95@gmail.com,513-944-3695,8/9/1997,F,Nigeria,Oshogbo
125,Warren Whitehead,WarrenWhitehead44@gmail.com,314-507-3744,5/6/1983,M,Nigeria,Gombe
126,Sharon Smith,SharonSmith51@gmail.com,407-707-0251,7/26/1986,F,Nigeria,Umuahia
127,Margaret Hurst,MargaretHurst59@gmail.com,712-353-7559,9/28/1998,F,Nigeria,Ugep
128,David Beckman,DavidBeckman85@gmail.com,443-532-3385,4/16/1980,M,Nigeria,Ifako-Ijaiye
129,Ruth Boling,RuthBoling16@gmail.com,207-515-2816,7/1/1981,F,Nigeria,Lokoja
130,Josephine Rose,JosephineRose44@gmail.com,740-201-8944,3/14/1992,F,Nigeria,Kontagora
131,Lois Parsons,LoisParsons55@gmail.com,718-686-5355,1/19/1984,F,Nigeria,Mubi
132,Leonard Cox,LeonardCox92@gmail.com,203-571-6592,11/22/1987,M,Nigeria,Ife
133,Michael Palmer,MichaelPalmer68@gmail.com,775-881-1668,2/7/1989,M,Nigeria,Aba
134,Jeffrey Stubbs,JeffreyStubbs24@gmail.com,352-287-2924,9/4/1993,M,Nigeria,Karu
135,Francis Reeves,FrancisReeves35@gmail.com,305-409-2235,5/11/1994,M,Nigeria,Abuja
136,Martha Murphy,MarthaMurphy27@gmail.com,513-321-8127,3/8/1995,F,Nigeria,Orlu
137,Cornelia Ashcraft,CorneliaAshcraft41@gmail.com,407-206-8541,6/23/1984,F,Nigeria,Ogbomoso
138,Emma Wilson,EmmaWilson53@gmail.com,503-851-2053,8/6/1985,F,Nigeria,Orlu
139,Michelle Davis,MichelleDavis26@gmail.com,605-925-4426,12/19/1990,F,Nigeria,Ibadan
140,Ruben Lee,RubenLee99@gmail.com,618-334-2299,11/30/1997,M,Nigeria,Gusau
141,Patricia Hinson,PatriciaHinson84@gmail.com,305-590-8484,9/15/1981,F,Nigeria,Kaduna
142,Annie Stevens,AnnieStevens89@gmail.com,215-756-2589,6/17/1986,F,Nigeria,Birnin Kebbi
143,Rosa Baldwin,RosaBaldwin80@gmail.com,631-775-1580,1/27/1998,F,Nigeria,Eket
144,Ralph Boisvert,RalphBoisvert84@gmail.com,910-642-2684,10/22/1982,M,Nigeria,Benin City
145,Lauren Mack,LaurenMack29@gmail.com,920-471-5929,5/12/1991,F,Nigeria,Aba
146,Harry Handy,HarryHandy64@gmail.com,602-502-1764,4/8/1980,M,Nigeria,Kano
147,Gladys Curry,GladysCurry35@gmail.com,731-548-4035,7/28/1993,F,Nigeria,Awka
148,Gilbert Weiser,GilbertWeiser76@gmail.com,404-627-2076,3/5/1996,M,Nigeria,Ado Ekiti
149,Jason Condit,JasonCondit97@gmail.com,281-637-5697,2/16/1992,M,Nigeria,Akure
150,Natasha Fosdick,NatashaFosdick78@gmail.com,323-217-0978,9/12/1996,F,Nigeria,Ikot Ekpene
151,Leon Bentley,LeonBentley73@gmail.com,813-345-1973,10/3/1995,M,Nigeria,Sango Ota
152,Jeffery Lopez,JefferyLopez22@gmail.com,805-234-1922,7/9/1991,M,Nigeria,Oshogbo
153,Homer Robinson,HomerRobinson86@gmail.com,561-692-9986,12/8/1997,M,Nigeria,Uromi
154,Gary Garner,GaryGarner73@gmail.com,972-576-8673,3/24/1999,M,Nigeria,Calabar
155,Natalie Fallon,NatalieFallon12@gmail.com,240-349-2812,7/6/1993,F,Nigeria,Enugu
156,George McJunkin,GeorgeMcJunkin66@gmail.com,631-963-9866,5/1/1998,M,Nigeria,Makurdi
157,Gerald Mitchell,GeraldMitchell78@gmail.com,912-570-5878,8/17/1990,M,Nigeria,Lafia
158,Mildred Burns,MildredBurns51@gmail.com,801-774-8751,9/25/1994,M,Nigeria,Bauchi
159,Barbara Bowerman,BarbaraBowerman22@gmail.com,212-954-3122,1/29/1999,F,Nigeria,Benin City
160,Curtis Dougherty,CurtisDougherty50@gmail.com,541-249-6750,6/7/1991,M,Nigeria,Ugep
161,Charles Browder,CharlesBrowder20@gmail.com,972-678-9020,10/18/1991,M,Nigeria,Kaduna
162,Richard Coffey,RichardCoffey31@gmail.com,330-509-8231,4/30/1995,M,Nigeria,Orlu
163,Jennifer Sears,JenniferSears87@gmail.com,630-719-2287,9/5/1991,F,Nigeria,Birnin Kebbi
164,Amy Bunn,AmyBunn02@gmail.com,305-694-2202,5/9/1993,F,Nigeria,Minna
165,Stella Baptista,StellaBaptista41@gmail.com,708-283-3041,7/31/1992,F,Nigeria,Sango Ota
166,Darell Gallegos,DarellGallegos75@gmail.com,816-903-9875,6/18/1997,F,Nigeria,Yola
167,Karen Silva,KarenSilva24@gmail.com,517-604-4824,10/16/1990,F,Nigeria,Oyo
168,Michelle Green,MichelleGreen78@gmail.com,978-866-8078,6/3/1996,F,Nigeria,Zaria
169,Michael Perry,MichaelPerry13@gmail.com,330-863-5813,8/21/1994,M,Nigeria,Awka
170,Bess Cotton,BessCotton87@gmail.com,517-416-8487,2/14/1999,F,Nigeria,Damaturu
171,Paul Smith,PaulSmith34@gmail.com,760-474-3534,4/11/1992,M,Nigeria,Awka
172,Raymond Mooney,RaymondMooney38@gmail.com,770-601-0438,11/5/1994,M,Nigeria,Aba
173,Cheryl Chavez,CherylChavez76@gmail.com,717-795-8776,9/30/1997,F,Nigeria,Wukari
174,Michelle Davis,MichelleDavis52@gmail.com,808-479-1652,8/8/1999,F,Nigeria,Damaturu
175,Ethel Mitchell,EthelMitchell17@gmail.com,559-725-8217,12/24/1992,M,Nigeria,Eket
176,Paul Dykes,PaulDykes61@gmail.com,201-387-3161,10/20/1996,M,Nigeria,Dutse
177,Theresa Lesage,TheresaLesage72@gmail.com,414-283-3872,11/3/1993,F,Nigeria,Gombe
178,Adrian Graves,AdrianGraves59@gmail.com,716-929-7259,8/9/1997,F,Nigeria,Ugep
179,Wayne Smith,WayneSmith02@gmail.com,281-931-2702,9/28/1998,M,Nigeria,Ilorin
180,Larry Barrera,LarryBarrera12@gmail.com,870-479-8912,1/19/1994,M,Nigeria,Lekki
181,Dora Swindle,DoraSwindle44@gmail.com,252-243-6044,9/4/1993,F,Nigeria,Enugu
182,John Therrien,JohnTherrien77@gmail.com,816-454-4377,5/11/1994,M,Nigeria,Uyo
183,Bessie Whitley,BessieWhitley51@gmail.com,856-939-8851,3/8/1995,F,Nigeria,Bauchi
184,Mary Leath,MaryLeath55@gmail.com,925-226-2355,1/27/1998,F,Nigeria,Sapele
185,Freda Dingess,FredaDingess00@gmail.com,360-366-0900,5/12/1991,F,Nigeria,Enugu
186,Rayford King,RayfordKing75@gmail.com,651-398-4375,7/28/1993,M,Nigeria,Ikoyi
187,Isa Westerman,IsaWesterman76@gmail.com,217-837-9576,3/5/1996,F,Nigeria,Makurdi
188,Gail Crockett,GailCrockett38@gmail.com,650-257-2038,2/16/1992,M,Nigeria,Ilesha
189,Bertha Davis,BerthaDavis23@gmail.com,843-262-6323,2/7/1997,F,Nigeria,Ilorin
190,Jim Wang,JimWang74@gmail.com,831-438-1174,10/1/1994,M,Nigeria,Gombe
191,David Chafin,DavidChafin85@gmail.com,678-534-6885,5/18/1998,M,Nigeria,Sapele
192,William Brothers,WilliamBrothers20@gmail.com,978-556-9620,7/13/1999,M,Nigeria,Ifako-Ijaiye
193,Janis Balderas,JanisBalderas55@gmail.com,917-641-6255,3/22/1997,F,Nigeria,Port Harcourt
194,Norman Clifton,NormanClifton08@gmail.com,845-713-5408,6/6/1995,M,Nigeria,Calabar
195,Norma Meyer,NormaMeyer52@gmail.com,580-726-3452,11/17/1992,F,Nigeria,Ibadan
196,Helen Branch,HelenBranch88@gmail.com,828-247-7388,9/21/1995,F,Nigeria,Sapele
197,Antonio Rio,AntonioRio90@gmail.com,517-948-8690,8/4/1993,M,Nigeria,Minna
198,Carole Frasier,CaroleFrasier57@gmail.com,619-334-7957,2/23/1999,F,Nigeria,Abuja
199,Michael Marlow,MichaelMarlow30@gmail.com,312-593-0930,8/14/1998,M,Nigeria,Keffi
200,Raul Turner,RaulTurner13@gmail.com,928-595-7113,1/15/1990,M,Nigeria,Port Harcourt
